{"Year":[1984,1985,1986,1987,1988,1989,1990,1991,1992,1993,1994,1995,1996,1997,1998,1999,2000,2001,2002,2003,2004,2005,2006,2007,2008,2009,2010,2011,2012,2013,2014,2015,2016,2017,2018,1984,1985,1986,1987,1988,1989,1990,1991,1992,1993,1994,1995,1996,1997,1998,1999,2000,2001,2002,2003,2004,2005,2006,2007,2008,2009,2010,2011,2012,2013,2014,2015,2016,2017,2018],"Permanent or Seasonal Water Bodies":["Permanent","Permanent","Permanent","Permanent","Permanent","Permanent","Permanent","Permanent","Permanent","Permanent","Permanent","Permanent","Permanent","Permanent","Permanent","Permanent","Permanent","Permanent","Permanent","Permanent","Permanent","Permanent","Permanent","Permanent","Permanent","Permanent","Permanent","Permanent","Permanent","Permanent","Permanent","Permanent","Permanent","Permanent","Permanent","Seasonal","Seasonal","Seasonal","Seasonal","Seasonal","Seasonal","Seasonal","Seasonal","Seasonal","Seasonal","Seasonal","Seasonal","Seasonal","Seasonal","Seasonal","Seasonal","Seasonal","Seasonal","Seasonal","Seasonal","Seasonal","Seasonal","Seasonal","Seasonal","Seasonal","Seasonal","Seasonal","Seasonal","Seasonal","Seasonal","Seasonal","Seasonal","Seasonal","Seasonal","Seasonal"],"Value":[196.8529842,201.4130538,201.4448864,200.8365235,198.1066157,200.976863,199.934909,202.0735405,191.0156791,203.103038,201.8552957,208.8216051,208.2674118,212.4956245,199.1219668,209.0595669,203.9130874,198.0765607,198.6982968,207.2343117,212.7708529,214.4854462,214.0125709,208.2989219,209.3357281,209.2455612,211.9871107,208.3803704,203.911306,207.236549,207.4316989,210.3527818,212.3290493,212.7541284,209.2426818,29.06327108,26.19538718,29.85648927,35.6454574,33.61834868,31.58054121,25.18048657,28.80667016,38.8842593,32.16991331,37.94760791,37.58951516,41.60998119,23.8089392,44.01322098,33.91865843,34.37499159,36.87057245,41.7951279,36.8172197,34.20508244,33.8298269,33.14517829,34.98525678,38.49565388,37.16689802,38.38993235,37.43592885,32.13539583,34.80390783,36.14043809,39.05803262,39.05303491,52.35210711,56.24716364]}